order_id,customer_id,product_id,category,quantity,unit_price,order_date,region,status
ORD60235,CUST035,PROD015,Sports & Outdoors,8,120.64,2026-08-17,Seattle,Completed
ORD16323,CUST023,PROD039,Electronics,6,1011.37,2026-08-30,Chicago,Completed
ORD18275,CUST066,PROD039,Toys,3,749.66,2026-08-30,New York,Cancelled
ORD78527,CUST006,PROD029,Sports & Outdoors,7,2129.17,2026-08-30,Chicago,Completed
ORD33454,CUST072,PROD049,Electronics,8,1446.37,2026-08-20,Phoenix,Completed
ORD34441,CUST091,PROD036,Electronics,7,2953.77,2026-08-30,New York,Completed
ORD42208,CUST078,PROD035,Toys,1,973.47,2026-08-30,Miami,Shipped
ORD71779,CUST093,PROD010,Home & Garden,15,649.29,2026-08-30,Seattle,Completed
ORD64737,CUST049,PROD024,Home & Garden,5,1270.06,2026-08-13,Houston,Shipped
ORD78125,CUST093,PROD002,Electronics,1,189.93,2026-08-12,Los Angeles,Shipped
ORD20116,CUST033,PROD050,Clothing,2,698.14,2026-08-30,Chicago,Completed
ORD69427,CUST060,PROD050,Home & Garden,7,2504.46,2026-08-30,Chicago,Pending
ORD29172,CUST053,PROD021,Clothing,9,1427.03,2026-08-07,Los Angeles,Pending
ORD18382,CUST096,PROD010,Sports & Outdoors,12,1212.85,2026-08-30,Miami,Shipped
ORD84582,CUST001,PROD005,Clothing,4,2734.88,2026-08-30,Houston,Shipped
ORD94803,CUST071,PROD009,Toys,11,2112.91,2026-08-30,New York,Pending
ORD49299,CUST004,PROD008,Toys,10,2416.15,2026-08-30,Phoenix,Shipped
ORD81150,CUST072,PROD042,Clothing,10,1542.53,2026-08-30,Miami,Completed
ORD43889,CUST059,PROD047,Clothing,4,298.67,2026-08-01,Los Angeles,Completed
ORD31138,CUST048,PROD031,Toys,3,1526.76,2026-08-30,Chicago,Completed
ORD27082,CUST061,PROD027,Clothing,14,166.95,2026-08-12,Seattle,Completed
ORD98684,CUST055,PROD022,Toys,4,1716.64,2026-08-30,Phoenix,Completed
ORD16911,,PROD032,Sports & Outdoors,4,899.53,2026-08-30,Miami,Completed
ORD53525,CUST055,PROD029,Clothing,6,953.89,2026-08-30,New York,Completed
ORD75012,CUST100,PROD017,Clothing,9,462.56,2026-08-30,Miami,Pending
ORD61770,CUST016,PROD028,Toys,3,2427.31,2026-08-30,Miami,Completed
ORD27180,CUST018,PROD016,Home & Garden,15,2363.51,2026-08-30,Miami,Shipped
ORD87572,CUST064,PROD042,Electronics,7,1883.25,2026-08-30,Phoenix,Completed
ORD28267,CUST068,PROD048,Toys,8,2364.91,2026-08-30,Houston,Cancelled
ORD65214,,PROD003,Clothing,1,1113.58,2026-08-30,Phoenix,Completed
ORD91226,CUST044,PROD026,Home & Garden,10,138.05,2026-08-30,Phoenix,Pending
ORD35521,CUST044,PROD005,Home & Garden,2,1500.02,2026-08-20,Seattle,Completed
ORD62963,CUST054,PROD029,Home & Garden,1,730.73,2026-08-30,Houston,Completed
ORD79627,CUST024,PROD018,Electronics,4,191.98,2026-08-30,Seattle,Pending
ORD22334,CUST052,PROD017,Sports & Outdoors,9,2977.67,2026-08-30,Chicago,Shipped
ORD63024,CUST066,PROD021,Sports & Outdoors,15,390.04,2026-08-30,Los Angeles,Shipped
ORD28088,CUST078,PROD006,Electronics,9,1563.52,2026-08-30,Houston,Cancelled
ORD51509,,PROD014,Sports & Outdoors,9,2781.97,2026-08-30,New York,Cancelled
ORD87200,,PROD045,Toys,3,1216.57,2026-08-28,Chicago,Pending
ORD16758,CUST024,PROD047,Sports & Outdoors,6,2178.17,2026-08-19,Seattle,Completed
ORD33243,CUST097,PROD050,Sports & Outdoors,10,1619.78,2026-08-30,Chicago,Cancelled
ORD52682,CUST020,PROD020,Sports & Outdoors,1,1142.96,2026-08-05,Los Angeles,Completed
ORD99715,CUST012,PROD023,Electronics,12,1705.98,2026-08-30,Phoenix,Cancelled
ORD51204,CUST081,PROD037,Toys,2,66.42,2026-08-30,Phoenix,Cancelled
ORD69605,CUST047,PROD022,Clothing,10,2060.76,2026-08-30,Phoenix,Cancelled
ORD55932,CUST001,PROD003,Electronics,9,2893.61,2026-08-30,New York,Completed
ORD24670,CUST083,PROD002,Clothing,10,245.3,2026-08-14,Seattle,Cancelled
ORD22515,,PROD040,Home & Garden,2,2108.19,2026-07-31,Miami,Pending
ORD55566,CUST078,PROD005,Toys,6,56.92,2026-08-30,Phoenix,Pending
ORD11714,CUST044,PROD005,Electronics,2,2964.74,2026-08-11,Phoenix,Completed
ORD71914,CUST028,PROD046,Home & Garden,13,2138.0,2026-08-30,Miami,Completed
ORD93103,CUST087,PROD030,Toys,11,2154.19,2026-08-29,Chicago,Completed
ORD64835,CUST041,PROD032,Sports & Outdoors,9,1259.23,2026-08-30,New York,Completed
ORD24856,CUST059,PROD025,Clothing,14,2797.29,2026-08-08,Phoenix,Cancelled
ORD11698,CUST019,PROD031,Home & Garden,8,2495.77,2026-08-30,Chicago,Completed
ORD38820,CUST006,PROD014,Home & Garden,6,2654.94,2026-08-30,Chicago,Cancelled
ORD77698,CUST081,PROD021,Electronics,5,2144.55,2026-08-30,Miami,Pending
ORD14971,CUST056,PROD009,Home & Garden,8,1476.14,2026-08-10,Chicago,Completed
ORD97459,CUST088,PROD031,Clothing,3,2106.66,2026-08-14,Chicago,Completed
ORD35550,CUST100,PROD044,Sports & Outdoors,14,1348.02,2026-08-17,Chicago,Shipped
ORD26879,CUST018,PROD002,Electronics,7,1559.05,2026-08-30,Phoenix,Completed
ORD80538,CUST019,PROD036,Home & Garden,2,412.82,2026-08-30,Los Angeles,Cancelled
ORD98334,CUST023,PROD046,Clothing,12,533.01,2026-08-30,Los Angeles,Completed
ORD50735,CUST081,PROD006,Clothing,2,2178.13,2026-08-08,Seattle,Shipped
ORD72772,CUST073,PROD031,Electronics,8,2703.38,2026-08-30,Houston,Shipped
ORD25726,CUST064,PROD040,Home & Garden,7,824.58,2026-08-30,Los Angeles,Pending
ORD39207,CUST026,PROD031,Home & Garden,8,1534.83,2026-08-30,Chicago,Pending
ORD87341,CUST001,PROD012,Sports & Outdoors,6,312.06,2026-08-30,Miami,Completed
ORD18582,CUST001,PROD045,Electronics,15,515.27,2026-08-30,New York,Completed
ORD64917,CUST020,PROD041,Home & Garden,3,2012.49,2026-08-30,Chicago,Completed
ORD76303,CUST006,PROD036,Clothing,15,295.23,2026-08-30,Houston,Completed
ORD58571,CUST071,PROD027,Clothing,4,337.3,2026-08-30,Chicago,Pending
ORD58869,CUST061,PROD033,Toys,3,2089.15,2026-08-15,Houston,Cancelled
ORD41238,CUST057,PROD013,Home & Garden,15,1262.26,2026-08-30,Chicago,Completed
ORD77636,CUST058,PROD029,Home & Garden,6,1650.1,2026-08-11,Miami,Completed
ORD44947,CUST100,PROD010,Sports & Outdoors,12,2611.38,2026-08-30,Chicago,Cancelled
ORD22129,CUST091,PROD018,Home & Garden,3,683.29,2026-08-30,New York,Cancelled
ORD48127,CUST010,PROD047,Toys,7,387.2,2026-08-30,Seattle,Completed
ORD46575,CUST032,PROD044,Toys,9,1210.94,2026-08-27,Phoenix,Completed
ORD25327,CUST055,PROD013,Toys,7,2523.35,2026-08-30,Phoenix,Completed
ORD57009,CUST001,PROD034,Electronics,7,2612.02,2026-08-30,Phoenix,Completed
ORD97619,CUST071,PROD040,Clothing,7,1750.21,2026-08-30,Los Angeles,Shipped
ORD27602,CUST013,PROD039,Home & Garden,14,1849.95,2026-08-30,Miami,Completed
ORD61001,CUST015,PROD047,Toys,12,1378.59,2026-08-30,Houston,Completed
ORD66280,CUST083,PROD049,Home & Garden,4,139.14,2026-08-30,Miami,Completed
ORD76177,CUST070,PROD043,Electronics,4,1756.16,2026-08-02,Los Angeles,Cancelled
ORD30853,CUST048,PROD010,Sports & Outdoors,11,582.51,2026-08-30,Phoenix,Completed
ORD26096,CUST083,PROD002,Electronics,10,550.92,2026-08-30,Seattle,Completed
ORD65726,CUST044,PROD016,Toys,4,355.14,2026-08-23,Los Angeles,Cancelled
ORD32008,CUST077,PROD006,Clothing,10,2291.79,2026-08-07,Los Angeles,Cancelled
ORD31840,CUST094,PROD016,Sports & Outdoors,6,1951.19,2026-08-01,Houston,Completed
ORD96434,CUST014,PROD017,Home & Garden,15,1225.28,2026-08-30,Los Angeles,Pending
ORD43236,CUST022,PROD048,Clothing,3,559.87,2026-08-30,Phoenix,Shipped
ORD63612,CUST057,PROD015,Electronics,14,1931.58,2026-08-30,New York,Completed
ORD58604,CUST063,PROD014,Home & Garden,4,849.28,2026-08-30,Houston,Pending
ORD85800,CUST060,PROD035,Clothing,9,911.59,2026-08-30,Los Angeles,Completed
ORD77530,CUST021,PROD049,Home & Garden,2,426.97,2026-08-30,New York,Completed
ORD71618,CUST024,PROD011,Electronics,9,853.93,2026-08-02,Phoenix,Pending
ORD83502,CUST003,PROD025,Sports & Outdoors,4,884.48,2026-08-30,Chicago,Completed
ORD20744,,PROD048,Sports & Outdoors,11,2352.92,2026-08-10,Phoenix,Completed
ORD49284,,PROD018,Clothing,5,649.66,2026-08-30,Los Angeles,Completed
ORD43605,CUST043,PROD033,Sports & Outdoors,14,992.71,2026-08-30,Chicago,Cancelled
ORD85496,CUST002,PROD030,Home & Garden,6,41.76,2026-08-15,Seattle,Completed
ORD73022,CUST027,PROD022,Electronics,9,458.59,2026-08-21,Seattle,Pending
ORD32870,CUST057,PROD044,Home & Garden,9,346.38,2026-08-30,Houston,Completed
ORD38672,CUST093,PROD005,Electronics,11,1177.09,2026-08-30,New York,Completed
ORD72154,CUST039,PROD018,Sports & Outdoors,12,1473.6,2026-08-30,Phoenix,Cancelled
ORD62672,CUST033,PROD045,Home & Garden,6,876.15,2026-08-22,Chicago,Shipped
ORD65013,CUST067,PROD044,Electronics,4,222.65,2026-08-19,Los Angeles,Completed
ORD69441,,PROD036,Electronics,11,2193.92,2026-08-03,New York,Completed
ORD79553,CUST047,PROD042,Clothing,9,2528.21,2026-08-03,Phoenix,Completed
ORD23058,,PROD007,Home & Garden,6,502.01,2026-08-03,Chicago,Shipped
ORD41100,,PROD040,Home & Garden,7,2087.95,2026-08-30,Phoenix,Cancelled
ORD37807,CUST008,PROD030,Toys,14,1078.0,2026-08-11,Phoenix,Pending
ORD42321,CUST024,PROD048,Toys,3,1225.51,2026-08-30,Phoenix,Shipped
ORD32345,CUST012,PROD032,Home & Garden,4,216.17,2026-08-30,New York,Completed
ORD32992,CUST048,PROD039,Toys,12,2682.95,2026-08-30,New York,Completed
ORD63427,CUST097,PROD033,Clothing,8,2700.23,2026-08-30,Los Angeles,Shipped
ORD15177,CUST058,PROD035,Toys,2,2731.09,2026-08-30,Houston,Pending
ORD28016,CUST040,PROD042,Electronics,10,1197.79,2026-08-30,Miami,Completed
ORD89472,CUST097,PROD015,Sports & Outdoors,9,221.06,2026-08-30,Seattle,Cancelled
ORD31200,CUST055,PROD040,Toys,11,26.13,2026-08-02,Phoenix,Shipped
ORD54675,CUST058,PROD015,Home & Garden,2,176.13,2026-08-30,Chicago,Completed
ORD17033,CUST020,PROD019,Sports & Outdoors,8,162.11,2026-08-30,Phoenix,Completed
ORD59794,CUST090,PROD028,Home & Garden,1,2416.56,2026-08-30,Seattle,Shipped
ORD17139,CUST026,PROD038,Sports & Outdoors,8,489.23,2026-08-30,Los Angeles,Completed
ORD55368,CUST068,PROD041,Electronics,3,1261.72,2026-08-29,Chicago,Shipped
ORD86170,,PROD019,Electronics,6,2514.77,2026-08-30,Chicago,Completed
ORD32729,CUST025,PROD035,Toys,11,1555.52,2026-08-10,Phoenix,Completed
ORD80950,CUST008,PROD045,Electronics,7,1507.98,2026-08-30,Miami,Completed
ORD95723,CUST001,PROD034,Electronics,11,1482.14,2026-08-30,Seattle,Pending
ORD13602,CUST098,PROD044,Toys,10,433.43,2026-08-30,Miami,Completed
ORD89703,,PROD009,Sports & Outdoors,9,891.26,2026-08-30,Phoenix,Completed
ORD28741,CUST080,PROD002,Toys,13,2343.19,2026-08-07,Chicago,Shipped
ORD46029,CUST016,PROD006,Sports & Outdoors,11,1259.79,2026-08-30,Chicago,Cancelled
ORD66425,CUST084,PROD047,Clothing,7,2949.89,2026-08-30,Houston,Pending
ORD96070,CUST069,PROD045,Clothing,15,1715.03,2026-08-26,Miami,Completed
ORD50513,CUST012,PROD020,Sports & Outdoors,3,2985.18,2026-08-30,New York,Shipped
ORD72144,CUST032,PROD023,Home & Garden,14,530.77,2026-08-30,Chicago,Completed
ORD84113,CUST093,PROD044,Toys,10,588.28,2026-08-30,Los Angeles,Cancelled
ORD54344,CUST057,PROD042,Electronics,6,498.76,2026-08-04,Chicago,Pending
ORD63859,CUST023,PROD038,Home & Garden,8,144.96,2026-08-18,Seattle,Completed
ORD55225,CUST061,PROD043,Toys,2,1710.87,2026-08-30,Los Angeles,Cancelled
ORD47370,CUST089,PROD026,Sports & Outdoors,10,956.59,2026-08-30,Seattle,Completed
ORD28664,,PROD031,Electronics,14,514.98,2026-08-02,Miami,Cancelled
ORD80634,CUST017,PROD050,Sports & Outdoors,11,1563.61,2026-08-23,Houston,Pending
ORD40462,CUST009,PROD042,Clothing,13,1962.32,2026-08-26,Phoenix,Pending
ORD11756,,PROD020,Clothing,6,1076.79,2026-08-30,Seattle,Cancelled
ORD64342,CUST023,PROD034,Clothing,14,1875.08,2026-08-30,Los Angeles,Shipped
ORD70546,CUST072,PROD015,Sports & Outdoors,4,2196.89,2026-08-30,Phoenix,Shipped
ORD49154,,PROD044,Home & Garden,7,1457.87,2026-08-30,Phoenix,Shipped
ORD30613,CUST048,PROD022,Toys,15,2614.81,2026-08-30,Houston,Cancelled
ORD97507,CUST005,PROD009,Electronics,5,1015.37,2026-08-30,Seattle,Pending
ORD25281,CUST007,PROD018,Home & Garden,10,2959.85,2026-08-30,Seattle,Shipped
ORD33632,CUST050,PROD035,Clothing,11,2603.23,2026-08-30,New York,Pending
ORD26583,CUST010,PROD041,Toys,13,2642.05,2026-08-30,Miami,Pending
ORD54450,,PROD017,Home & Garden,13,2700.0,2026-08-30,New York,Pending
ORD64572,CUST031,PROD010,Clothing,6,567.42,2026-08-30,New York,Cancelled
ORD43086,CUST008,PROD022,Sports & Outdoors,13,322.51,2026-08-30,Phoenix,Pending
ORD33400,CUST093,PROD019,Home & Garden,13,2401.13,2026-08-30,Miami,Completed
ORD32340,CUST073,PROD003,Clothing,3,1865.29,2026-08-30,Phoenix,Completed
ORD74493,,PROD008,Toys,6,1677.66,2026-08-30,Los Angeles,Cancelled
ORD24655,CUST056,PROD015,Toys,15,546.29,2026-08-05,Phoenix,Completed
ORD62605,CUST088,PROD004,Electronics,6,2332.72,2026-08-20,Miami,Shipped
ORD20300,CUST015,PROD030,Electronics,7,2936.65,2026-08-21,Seattle,Completed
ORD10388,CUST023,PROD031,Home & Garden,5,2895.71,2026-08-30,Los Angeles,Completed
ORD31515,CUST087,PROD041,Sports & Outdoors,6,2160.62,2026-08-30,New York,Cancelled
ORD21731,CUST063,PROD009,Toys,3,20.12,2026-08-30,Phoenix,Completed
ORD70754,CUST072,PROD024,Home & Garden,13,103.07,2026-08-30,Los Angeles,Completed
ORD69638,CUST078,PROD002,Clothing,4,2728.69,2026-07-31,Miami,Completed
ORD29748,CUST099,PROD012,Toys,13,388.85,2026-08-30,Houston,Cancelled
ORD53604,CUST082,PROD015,Toys,7,564.39,2026-08-21,Seattle,Completed
ORD94619,CUST031,PROD044,Sports & Outdoors,8,964.63,2026-08-30,Chicago,Completed
ORD40121,CUST010,PROD040,Sports & Outdoors,7,2967.33,2026-08-06,Los Angeles,Completed
ORD69344,CUST047,PROD033,Clothing,6,219.71,2026-08-06,Seattle,Pending
ORD79256,CUST090,PROD046,Home & Garden,5,333.48,2026-08-24,Houston,Completed
ORD29903,CUST090,PROD047,Electronics,10,324.76,2026-08-30,Chicago,Pending
ORD45835,CUST025,PROD031,Sports & Outdoors,3,2955.71,2026-08-30,Miami,Cancelled
ORD69292,CUST063,PROD045,Home & Garden,1,1353.97,2026-08-30,Chicago,Completed
ORD67826,CUST003,PROD007,Toys,11,2766.41,2026-08-18,Los Angeles,Shipped
ORD80934,CUST073,PROD007,Clothing,7,1212.86,2026-08-25,Seattle,Cancelled
ORD53798,CUST018,PROD049,Electronics,4,1875.08,2026-08-30,Houston,Completed
ORD97850,,PROD034,Clothing,8,376.89,2026-08-30,Miami,Completed
ORD17586,CUST018,PROD027,Clothing,12,2359.86,2026-08-30,Chicago,Cancelled
ORD48690,CUST030,PROD032,Electronics,6,250.13,2026-08-14,Seattle,Pending
ORD40470,CUST043,PROD036,Sports & Outdoors,9,2832.31,2026-08-30,Seattle,Pending
ORD50034,CUST086,PROD040,Sports & Outdoors,7,1440.4,2026-08-03,Miami,Pending
ORD10637,,PROD018,Home & Garden,5,2207.02,2026-08-30,Seattle,Cancelled
ORD26092,CUST028,PROD047,Home & Garden,15,223.26,2026-08-30,Houston,Cancelled
ORD95395,CUST077,PROD047,Toys,14,1503.44,2026-08-01,New York,Pending
ORD25540,CUST029,PROD021,Sports & Outdoors,10,1339.96,2026-08-30,Miami,Pending
ORD73362,CUST014,PROD031,Home & Garden,11,2045.72,2026-08-30,Phoenix,Completed
ORD22103,CUST052,PROD042,Sports & Outdoors,10,1821.93,2026-08-17,Seattle,Cancelled
ORD50458,CUST008,PROD037,Sports & Outdoors,7,280.35,2026-08-09,New York,Cancelled
ORD27284,CUST035,PROD020,Toys,6,2470.86,2026-08-30,Houston,Completed
ORD82217,,PROD024,Electronics,2,2132.04,2026-08-30,Houston,Shipped
ORD53405,CUST020,PROD026,Home & Garden,9,666.59,2026-08-30,Miami,Pending
ORD73819,CUST038,PROD043,Clothing,15,2510.69,2026-08-30,Phoenix,Shipped
ORD51885,CUST020,PROD049,Sports & Outdoors,7,2313.21,2026-08-30,New York,Shipped
ORD28965,,PROD048,Electronics,5,2618.34,2026-08-30,Seattle,Shipped
ORD75313,CUST079,PROD046,Electronics,11,782.54,2026-08-18,Los Angeles,Completed
ORD31047,CUST070,PROD049,Electronics,10,571.51,2026-08-10,New York,Shipped
ORD98277,CUST043,PROD035,Toys,15,1299.66,2026-08-30,Seattle,Cancelled
ORD98326,CUST094,PROD031,Electronics,11,434.86,2026-08-30,Los Angeles,Shipped
ORD90570,CUST052,PROD026,Home & Garden,12,2700.85,2026-08-30,Seattle,Completed
ORD60925,CUST002,PROD012,Toys,12,1653.49,2026-08-30,New York,Pending
ORD50467,CUST018,PROD024,Electronics,2,418.72,2026-08-03,Seattle,Completed
ORD65762,CUST071,PROD035,Clothing,11,616.22,2026-08-30,New York,Completed
ORD43130,CUST007,PROD020,Sports & Outdoors,10,1815.28,2026-08-30,Seattle,Cancelled
ORD27442,CUST087,PROD027,Clothing,5,222.78,2026-08-05,Houston,Completed
ORD52339,CUST088,PROD028,Sports & Outdoors,8,480.53,2026-08-30,Phoenix,Completed
ORD25444,,PROD028,Toys,11,484.94,2026-08-30,Chicago,Completed
ORD84607,CUST036,PROD046,Electronics,8,863.16,2026-08-16,Miami,Shipped
ORD11867,CUST078,PROD012,Electronics,3,2447.52,2026-08-17,Los Angeles,Completed
ORD89741,CUST071,PROD002,Clothing,2,431.33,2026-08-30,Los Angeles,Cancelled
ORD31060,CUST053,PROD021,Electronics,15,2185.51,2026-08-30,Chicago,Shipped
ORD33137,CUST025,PROD050,Sports & Outdoors,8,2830.21,2026-08-30,Phoenix,Shipped
ORD14273,CUST085,PROD021,Electronics,14,2340.94,2026-08-05,Miami,Completed
ORD94216,CUST051,PROD010,Clothing,3,2483.67,2026-08-13,Miami,Cancelled
ORD77627,CUST039,PROD045,Electronics,15,1788.85,2026-08-30,Miami,Cancelled
ORD51712,CUST042,PROD029,Home & Garden,6,1494.02,2026-08-29,Chicago,Pending
ORD34277,CUST027,PROD029,Home & Garden,10,1591.93,2026-08-30,Seattle,Completed
ORD16975,CUST099,PROD050,Clothing,6,2989.66,2026-08-30,Chicago,Completed
ORD14552,CUST004,PROD031,Toys,2,611.06,2026-08-09,Miami,Pending
ORD23285,CUST006,PROD003,Sports & Outdoors,2,70.16,2026-08-30,Miami,Completed
ORD20757,,PROD035,Clothing,8,1853.64,2026-08-15,Los Angeles,Completed
ORD25465,CUST076,PROD049,Electronics,3,2650.2,2026-08-30,Houston,Cancelled
ORD77780,CUST064,PROD009,Toys,8,914.09,2026-08-30,Seattle,Shipped
ORD34727,CUST047,PROD029,Electronics,5,666.01,2026-08-30,Miami,Completed
ORD79297,CUST084,PROD034,Electronics,14,1663.45,2026-08-30,Miami,Completed
ORD58792,,PROD020,Toys,13,2046.82,2026-08-30,Phoenix,Completed
ORD42944,CUST023,PROD046,Clothing,6,482.77,2026-08-28,Los Angeles,Pending
ORD39249,CUST020,PROD044,Toys,6,2465.59,2026-08-14,Chicago,Cancelled
ORD76292,CUST085,PROD037,Home & Garden,9,1324.27,2026-08-30,Seattle,Completed
ORD54560,,PROD031,Toys,11,1668.22,2026-08-17,Miami,Completed
ORD86776,CUST044,PROD012,Home & Garden,5,120.13,2026-08-28,Chicago,Completed
ORD95477,CUST048,PROD043,Home & Garden,1,196.78,2026-08-24,Seattle,Completed
ORD61608,CUST003,PROD038,Home & Garden,12,346.02,2026-08-30,Los Angeles,Cancelled
ORD27213,CUST089,PROD011,Clothing,5,688.0,2026-08-09,Los Angeles,Cancelled
ORD29227,CUST079,PROD044,Home & Garden,14,1711.84,2026-08-06,Los Angeles,Completed
ORD56522,CUST021,PROD010,Home & Garden,11,2835.42,2026-08-30,Houston,Completed
ORD93814,CUST037,PROD019,Clothing,3,54.89,2026-08-30,Chicago,Pending
ORD48989,CUST081,PROD020,Clothing,11,664.37,2026-08-30,Los Angeles,Completed
ORD93879,CUST044,PROD024,Clothing,6,569.56,2026-08-30,Phoenix,Completed
ORD45769,CUST007,PROD007,Sports & Outdoors,5,2979.24,2026-08-30,Los Angeles,Completed
ORD68743,CUST008,PROD016,Home & Garden,15,1908.55,2026-08-15,Houston,Completed
ORD13970,CUST024,PROD020,Home & Garden,14,460.24,2026-08-30,Los Angeles,Pending
ORD67426,CUST085,PROD019,Sports & Outdoors,15,1959.85,2026-08-30,Miami,Pending
ORD90894,CUST071,PROD006,Toys,5,623.32,2026-08-30,Seattle,Shipped
ORD51702,CUST008,PROD009,Sports & Outdoors,13,2124.56,2026-08-11,Chicago,Completed
ORD69584,CUST095,PROD038,Clothing,2,643.9,2026-08-30,Miami,Cancelled
ORD83002,CUST088,PROD026,Sports & Outdoors,11,828.73,2026-08-25,Los Angeles,Shipped
ORD25505,CUST033,PROD020,Electronics,15,2755.6,2026-08-30,Los Angeles,Pending
ORD57051,CUST050,PROD007,Electronics,9,2843.94,2026-08-30,Seattle,Completed
ORD95793,,PROD004,Electronics,3,2504.09,2026-08-23,Houston,Cancelled
ORD83582,CUST010,PROD027,Electronics,1,147.04,2026-08-02,Phoenix,Completed
ORD93885,CUST004,PROD007,Home & Garden,4,1882.04,2026-08-30,Phoenix,Completed
ORD41709,,PROD024,Clothing,9,1477.58,2026-08-30,Chicago,Completed
ORD16819,,PROD025,Home & Garden,13,1491.78,2026-08-30,Houston,Pending
ORD54902,CUST057,PROD035,Sports & Outdoors,4,997.66,2026-08-30,Houston,Completed
ORD78528,CUST016,PROD015,Electronics,11,1012.34,2026-08-30,Los Angeles,Completed
ORD20836,CUST028,PROD028,Clothing,8,378.1,2026-08-30,Seattle,Completed
ORD74006,CUST030,PROD038,Home & Garden,9,657.67,2026-08-30,Seattle,Cancelled
ORD40789,CUST070,PROD034,Sports & Outdoors,3,106.81,2026-08-30,Seattle,Completed
ORD82591,CUST023,PROD020,Toys,6,1658.66,2026-08-30,Houston,Completed
ORD55404,CUST020,PROD011,Home & Garden,8,2980.56,2026-08-30,Phoenix,Shipped
ORD26106,CUST029,PROD050,Toys,5,135.32,2026-08-01,Houston,Completed
ORD47466,CUST094,PROD018,Toys,2,1217.06,2026-08-30,New York,Pending
ORD45878,CUST067,PROD035,Sports & Outdoors,6,2970.4,2026-08-14,Miami,Completed
ORD49945,,PROD049,Home & Garden,10,2583.94,2026-08-16,Los Angeles,Completed
ORD95466,CUST038,PROD045,Clothing,14,2847.1,2026-08-30,Phoenix,Cancelled
ORD32547,CUST010,PROD045,Toys,4,515.84,2026-08-30,Los Angeles,Completed
ORD47435,,PROD032,Electronics,11,2581.32,2026-08-30,Phoenix,Pending
ORD88366,CUST016,PROD025,Sports & Outdoors,14,1012.55,2026-08-21,Phoenix,Completed
ORD61326,,PROD009,Home & Garden,13,2605.95,2026-08-30,Houston,Cancelled
ORD60327,,PROD036,Home & Garden,12,684.59,2026-08-30,Phoenix,Cancelled
ORD68433,CUST019,PROD025,Home & Garden,4,99.81,2026-08-30,Los Angeles,Pending
ORD84459,CUST082,PROD017,Home & Garden,5,786.02,2026-08-16,New York,Completed
ORD23718,,PROD024,Home & Garden,7,150.85,2026-08-09,Phoenix,Completed
ORD31055,CUST039,PROD025,Home & Garden,1,1835.7,2026-08-30,Phoenix,Completed
ORD25083,CUST088,PROD009,Toys,7,1556.28,2026-08-30,Miami,Pending
ORD72091,CUST093,PROD044,Electronics,5,664.18,2026-08-30,Houston,Completed
ORD32969,CUST093,PROD032,Electronics,7,2139.48,2026-08-10,Houston,Completed
ORD28645,CUST074,PROD019,Electronics,5,2542.99,2026-08-30,Seattle,Completed
ORD55581,CUST089,PROD026,Sports & Outdoors,8,332.14,2026-08-30,Los Angeles,Completed
ORD84868,,PROD049,Electronics,14,1314.32,2026-08-19,New York,Shipped
ORD48496,CUST061,PROD046,Clothing,7,2319.3,2026-08-30,Houston,Completed
ORD35008,CUST010,PROD033,Electronics,14,2582.92,2026-08-30,Chicago,Completed
ORD85735,CUST086,PROD015,Electronics,15,2143.29,2026-08-14,Phoenix,Completed
ORD77975,CUST029,PROD039,Sports & Outdoors,5,1888.37,2026-08-21,Houston,Completed
ORD33026,CUST017,PROD043,Sports & Outdoors,4,294.88,2026-08-30,Seattle,Completed
ORD83437,CUST099,PROD036,Toys,6,2870.74,2026-08-04,Houston,Shipped
ORD10457,CUST045,PROD013,Sports & Outdoors,8,1993.63,2026-08-30,Chicago,Completed
ORD31074,CUST092,PROD014,Home & Garden,9,1210.23,2026-08-30,New York,Cancelled
ORD75732,CUST043,PROD037,Home & Garden,6,1214.37,2026-08-30,Los Angeles,Completed
ORD46650,CUST053,PROD011,Clothing,3,2050.09,2026-08-30,New York,Pending
ORD88027,CUST079,PROD030,Home & Garden,4,2249.05,2026-08-30,Phoenix,Completed
ORD12766,CUST078,PROD037,Toys,2,1117.46,2026-08-30,Miami,Shipped
ORD94348,,PROD020,Sports & Outdoors,8,1843.08,2026-08-30,Los Angeles,Cancelled
ORD47132,CUST025,PROD014,Sports & Outdoors,3,745.97,2026-08-30,Houston,Cancelled
ORD71939,CUST078,PROD015,Electronics,15,716.22,2026-08-30,New York,Completed
ORD96239,CUST089,PROD006,Toys,11,2851.06,2026-08-30,Seattle,Cancelled
ORD90940,CUST064,PROD028,Sports & Outdoors,7,968.79,2026-08-05,Miami,Completed
ORD16684,CUST003,PROD044,Toys,15,409.44,2026-08-30,Seattle,Completed
ORD37125,CUST096,PROD004,Electronics,12,2434.18,2026-08-30,Miami,Cancelled
ORD33032,CUST003,PROD024,Home & Garden,1,713.95,2026-08-12,Phoenix,Completed
ORD43516,CUST098,PROD015,Clothing,14,2132.74,2026-08-07,New York,Shipped
ORD86021,CUST074,PROD028,Home & Garden,5,2676.32,2026-08-30,Phoenix,Shipped
ORD50358,CUST023,PROD034,Toys,4,2076.91,2026-08-30,Phoenix,Pending
ORD83556,CUST007,PROD042,Clothing,2,1068.65,2026-08-30,Phoenix,Completed
ORD33265,CUST030,PROD040,Sports & Outdoors,4,1183.54,2026-08-20,Miami,Cancelled
ORD12026,CUST068,PROD039,Sports & Outdoors,11,1639.02,2026-08-30,Seattle,Pending
ORD73479,,PROD033,Clothing,12,850.16,2026-08-30,Phoenix,Completed
ORD34272,CUST072,PROD026,Home & Garden,8,1510.23,2026-08-18,Phoenix,Shipped
ORD34242,CUST089,PROD038,Electronics,4,767.89,2026-08-30,Chicago,Completed
ORD73602,CUST100,PROD037,Sports & Outdoors,6,2339.16,2026-08-04,Los Angeles,Pending
ORD43483,CUST032,PROD032,Electronics,6,730.82,2026-08-30,Miami,Completed
ORD19888,CUST015,PROD024,Electronics,12,954.75,2026-08-30,New York,Completed
ORD71827,CUST065,PROD004,Electronics,1,1926.31,2026-08-15,Los Angeles,Completed
ORD46145,CUST070,PROD008,Electronics,6,536.77,2026-08-30,New York,Completed
ORD32998,CUST021,PROD030,Toys,8,2299.72,2026-08-17,Seattle,Pending
ORD35026,CUST085,PROD024,Toys,9,786.78,2026-08-30,Houston,Shipped
ORD71115,CUST001,PROD030,Clothing,12,684.21,2026-08-30,New York,Completed
ORD24471,CUST009,PROD009,Electronics,7,2832.48,2026-08-30,Phoenix,Cancelled
ORD89538,CUST006,PROD018,Sports & Outdoors,15,2399.55,2026-08-25,Phoenix,Pending
ORD22017,CUST012,PROD047,Home & Garden,6,390.3,2026-08-30,Chicago,Completed
ORD94068,,PROD049,Electronics,7,198.66,2026-08-30,Seattle,Completed
ORD28071,CUST086,PROD012,Home & Garden,3,1359.09,2026-08-30,Los Angeles,Completed
ORD28473,CUST087,PROD020,Toys,7,1610.88,2026-08-30,Chicago,Completed
ORD21797,CUST049,PROD002,Sports & Outdoors,7,895.98,2026-08-30,Phoenix,Shipped
ORD56981,CUST049,PROD024,Toys,11,136.08,2026-08-30,New York,Cancelled
ORD20954,CUST054,PROD023,Electronics,3,1958.79,2026-08-29,Phoenix,Completed
ORD92518,CUST084,PROD043,Clothing,4,396.85,2026-08-30,Los Angeles,Cancelled
ORD22535,CUST091,PROD039,Toys,7,2716.72,2026-08-23,New York,Pending
ORD24962,CUST077,PROD041,Electronics,8,1380.48,2026-08-30,Seattle,Shipped
ORD80883,CUST014,PROD039,Electronics,4,2872.26,2026-08-04,Seattle,Completed
ORD67102,CUST071,PROD047,Clothing,11,2428.87,2026-08-30,Seattle,Pending
ORD58714,CUST064,PROD042,Toys,7,2784.84,2026-08-30,New York,Completed
ORD61265,CUST086,PROD026,Home & Garden,6,1151.35,2026-08-30,Los Angeles,Pending
ORD85330,CUST073,PROD010,Toys,3,1030.88,2026-08-30,Chicago,Cancelled
ORD34792,CUST091,PROD035,Home & Garden,7,1519.47,2026-08-17,Houston,Completed
ORD70726,CUST010,PROD031,Clothing,1,200.57,2026-08-30,Los Angeles,Cancelled
ORD96506,CUST086,PROD027,Home & Garden,13,164.26,2026-08-12,Seattle,Completed
ORD19781,CUST014,PROD038,Clothing,9,50.13,2026-08-30,Houston,Completed
ORD50313,CUST069,PROD048,Electronics,5,1345.74,2026-08-30,New York,Shipped
ORD17756,CUST064,PROD018,Sports & Outdoors,4,1890.08,2026-08-30,Seattle,Shipped
ORD69815,CUST052,PROD026,Clothing,1,1242.93,2026-08-02,Miami,Completed
ORD34038,CUST094,PROD029,Sports & Outdoors,8,2016.38,2026-08-30,Houston,Completed
ORD93975,CUST093,PROD041,Sports & Outdoors,1,2411.8,2026-08-30,Phoenix,Pending
ORD63666,CUST079,PROD033,Clothing,11,2464.11,2026-08-30,Seattle,Cancelled
ORD52323,,PROD007,Home & Garden,7,2413.83,2026-08-30,Los Angeles,Completed
ORD53180,CUST037,PROD017,Electronics,6,294.12,2026-08-30,Houston,Completed
ORD35287,CUST007,PROD009,Home & Garden,4,2004.84,2026-08-07,New York,Pending
ORD74433,CUST002,PROD024,Toys,11,851.28,2026-08-14,New York,Completed
ORD66494,,PROD043,Clothing,5,370.68,2026-08-30,Phoenix,Pending
ORD43277,CUST095,PROD028,Home & Garden,8,2915.9,2026-08-30,Miami,Pending
ORD23649,CUST022,PROD027,Electronics,11,559.47,2026-08-30,Phoenix,Shipped
ORD84012,,PROD008,Toys,7,2301.55,2026-08-28,Houston,Cancelled
ORD61188,CUST004,PROD012,Clothing,11,2314.8,2026-08-30,Los Angeles,Completed
ORD45850,CUST079,PROD013,Home & Garden,10,638.68,2026-08-05,Seattle,Shipped
ORD63427,CUST060,PROD033,Toys,1,2511.13,2026-08-30,Miami,Pending
ORD43992,CUST074,PROD050,Electronics,8,1061.37,2026-08-30,Chicago,Shipped
ORD37513,CUST100,PROD023,Home & Garden,1,145.51,2026-08-30,Phoenix,Cancelled
ORD68952,CUST085,PROD044,Home & Garden,15,557.97,2026-08-30,New York,Pending
ORD25690,CUST070,PROD028,Toys,14,1702.67,2026-08-06,Los Angeles,Completed
ORD31448,CUST094,PROD035,Clothing,11,2153.85,2026-08-30,Chicago,Completed
ORD35076,CUST031,PROD008,Clothing,2,2733.34,2026-08-03,Phoenix,Cancelled
ORD34759,CUST072,PROD010,Electronics,5,806.09,2026-08-30,Los Angeles,Completed
ORD71485,CUST082,PROD013,Toys,2,994.67,2026-08-01,Houston,Pending
ORD13261,CUST076,PROD009,Sports & Outdoors,15,842.54,2026-08-30,Chicago,Pending
ORD75737,CUST026,PROD031,Toys,2,1710.01,2026-08-30,Seattle,Shipped
ORD21753,CUST017,PROD020,Toys,13,1383.3,2026-08-30,Los Angeles,Completed
ORD67342,CUST062,PROD032,Electronics,9,257.3,2026-08-30,New York,Shipped
ORD25685,CUST096,PROD024,Sports & Outdoors,12,632.31,2026-08-27,Seattle,Shipped
ORD55587,CUST014,PROD012,Sports & Outdoors,11,143.26,2026-08-30,Houston,Cancelled
ORD33638,CUST003,PROD015,Electronics,15,1634.72,2026-08-30,New York,Pending
ORD21416,,PROD001,Home & Garden,5,2834.87,2026-08-30,New York,Completed
ORD85564,CUST090,PROD015,Clothing,10,1082.45,2026-08-30,Seattle,Completed
ORD95310,CUST095,PROD032,Clothing,7,2046.04,2026-08-30,Los Angeles,Completed
ORD89766,CUST092,PROD043,Clothing,10,282.41,2026-08-30,Seattle,Pending
ORD28025,CUST015,PROD002,Toys,3,1552.84,2026-08-30,Miami,Pending
ORD95060,,PROD048,Electronics,4,1459.75,2026-08-30,Seattle,Completed
ORD72741,CUST020,PROD018,Electronics,9,2773.5,2026-08-02,Miami,Shipped
ORD43625,CUST059,PROD044,Toys,14,2046.79,2026-08-30,Phoenix,Completed
ORD89392,CUST089,PROD005,Toys,10,453.38,2026-08-30,Phoenix,Completed
ORD67948,,PROD036,Toys,11,2487.81,2026-08-30,Phoenix,Cancelled
ORD11006,CUST014,PROD011,Clothing,5,2093.44,2026-08-09,Phoenix,Pending
ORD15003,CUST054,PROD007,Home & Garden,10,1690.8,2026-08-08,Houston,Shipped
ORD60240,CUST082,PROD041,Clothing,1,2614.75,2026-08-30,Chicago,Cancelled
ORD34551,CUST027,PROD040,Home & Garden,7,138.17,2026-08-30,Los Angeles,Shipped
ORD80704,CUST057,PROD045,Clothing,9,2922.8,2026-08-05,Miami,Completed
ORD76115,CUST022,PROD020,Home & Garden,4,1855.84,2026-08-04,Miami,Completed
ORD95837,CUST034,PROD021,Sports & Outdoors,12,2882.33,2026-08-07,Phoenix,Shipped
ORD65692,CUST075,PROD049,Toys,4,45.16,2026-08-08,Houston,Cancelled
ORD93824,CUST046,PROD033,Sports & Outdoors,8,1132.0,2026-08-30,Chicago,Completed
ORD84625,CUST073,PROD032,Sports & Outdoors,2,2167.42,2026-08-30,Seattle,Cancelled
ORD42579,CUST086,PROD050,Sports & Outdoors,11,495.92,2026-08-30,Miami,Completed
ORD77457,CUST086,PROD049,Sports & Outdoors,11,230.47,2026-07-31,Chicago,Shipped
ORD75702,CUST100,PROD026,Sports & Outdoors,12,2109.45,2026-08-30,New York,Completed
ORD43462,CUST045,PROD033,Toys,10,438.49,2026-08-30,Seattle,Shipped
ORD90886,CUST095,PROD007,Toys,13,1659.22,2026-08-30,Seattle,Shipped
ORD53749,CUST040,PROD021,Electronics,2,2291.99,2026-08-30,Houston,Completed
ORD36222,CUST028,PROD021,Toys,15,979.47,2026-08-12,Houston,Cancelled
ORD14358,CUST044,PROD030,Clothing,12,910.66,2026-08-30,New York,Pending
ORD19902,CUST008,PROD031,Home & Garden,1,1701.14,2026-08-30,Miami,Completed
ORD65122,CUST091,PROD047,Toys,5,1828.12,2026-08-29,Seattle,Completed
ORD13478,CUST083,PROD020,Toys,6,2542.23,2026-08-07,New York,Completed
ORD23631,CUST077,PROD038,Electronics,6,1372.22,2026-08-30,Seattle,Completed
ORD91997,CUST097,PROD023,Electronics,8,1628.54,2026-08-30,Miami,Cancelled
ORD29105,CUST077,PROD002,Home & Garden,13,2047.0,2026-08-05,Phoenix,Pending
ORD53946,,PROD030,Sports & Outdoors,15,1283.91,2026-08-30,New York,Cancelled
ORD61710,CUST095,PROD041,Sports & Outdoors,9,2011.24,2026-08-01,Houston,Pending
ORD48896,CUST086,PROD043,Electronics,12,1523.99,2026-08-30,Seattle,Completed
ORD90138,CUST089,PROD018,Toys,5,10.02,2026-08-30,Miami,Pending
ORD88951,CUST061,PROD018,Clothing,5,399.86,2026-08-30,New York,Completed
ORD25741,CUST027,PROD001,Sports & Outdoors,6,2570.64,2026-08-30,Houston,Pending
ORD80604,CUST099,PROD037,Sports & Outdoors,1,50.67,2026-08-30,Chicago,Pending
ORD11125,CUST096,PROD036,Home & Garden,2,426.86,2026-08-08,Los Angeles,Cancelled
ORD52483,CUST048,PROD001,Toys,15,2499.77,2026-08-30,Houston,Completed
ORD93385,CUST072,PROD045,Toys,8,507.13,2026-08-30,Phoenix,Pending
ORD82450,CUST073,PROD034,Sports & Outdoors,5,1750.15,2026-08-05,Phoenix,Pending
ORD15098,,PROD022,Clothing,10,200.36,2026-08-30,Los Angeles,Cancelled
ORD33753,CUST005,PROD027,Clothing,7,1213.5,2026-08-30,Miami,Completed
ORD54651,CUST088,PROD021,Electronics,14,1234.06,2026-08-30,Houston,Cancelled
ORD44169,CUST068,PROD018,Home & Garden,2,1977.23,2026-08-27,Miami,Pending
ORD93245,,PROD048,Toys,9,2993.34,2026-08-30,Phoenix,Pending
ORD25124,CUST046,PROD004,Sports & Outdoors,3,231.49,2026-08-10,New York,Shipped
ORD47199,CUST069,PROD018,Toys,11,1794.72,2026-08-30,Miami,Completed
ORD85108,CUST017,PROD020,Home & Garden,9,2220.89,2026-08-30,Los Angeles,Completed
ORD18531,CUST074,PROD006,Home & Garden,2,1551.41,2026-08-30,Houston,Cancelled
ORD20017,CUST029,PROD016,Clothing,13,441.74,2026-08-30,Houston,Completed
ORD10697,CUST037,PROD024,Clothing,12,637.11,2026-08-30,New York,Completed
ORD81022,CUST089,PROD046,Clothing,5,2068.79,2026-08-30,Los Angeles,Completed
ORD68194,CUST042,PROD019,Clothing,12,2394.19,2026-08-27,Seattle,Completed
ORD11240,,PROD010,Clothing,9,810.26,2026-08-11,Miami,Pending
ORD78342,CUST019,PROD011,Toys,10,204.04,2026-08-30,Houston,Shipped
ORD56347,CUST029,PROD007,Sports & Outdoors,10,2993.52,2026-08-30,Los Angeles,Completed
ORD64811,CUST085,PROD002,Electronics,6,1283.47,2026-08-30,Miami,Cancelled
ORD80545,CUST054,PROD016,Toys,15,253.89,2026-08-30,Los Angeles,Completed
ORD34487,CUST093,PROD009,Sports & Outdoors,6,1419.7,2026-08-17,Chicago,Completed
ORD85429,CUST049,PROD028,Clothing,12,1108.28,2026-08-30,New York,Pending
ORD52713,CUST030,PROD049,Toys,12,2515.98,2026-08-30,Phoenix,Pending
ORD80227,CUST037,PROD021,Toys,13,1271.99,2026-08-30,Houston,Pending
ORD60781,CUST043,PROD013,Toys,8,1530.23,2026-08-30,Chicago,Pending
ORD99615,CUST036,PROD009,Clothing,13,1232.73,2026-08-30,New York,Completed
ORD48227,CUST091,PROD002,Toys,3,1303.37,2026-08-30,Chicago,Completed
ORD12644,CUST029,PROD015,Toys,13,803.26,2026-08-30,New York,Completed
ORD36394,CUST100,PROD025,Sports & Outdoors,5,2300.45,2026-08-30,Chicago,Completed
ORD72662,CUST026,PROD050,Clothing,9,706.12,2026-08-01,Miami,Completed
ORD18336,CUST070,PROD006,Sports & Outdoors,1,1778.28,2026-08-30,Phoenix,Completed
ORD17898,CUST012,PROD029,Clothing,4,2745.63,2026-08-22,Miami,Completed
ORD59189,CUST001,PROD025,Electronics,2,2710.21,2026-08-25,Chicago,Shipped
ORD56186,CUST010,PROD002,Home & Garden,13,1205.1,2026-08-30,Houston,Cancelled
ORD94878,CUST008,PROD031,Home & Garden,12,1863.69,2026-08-30,Seattle,Pending
ORD20713,CUST033,PROD025,Toys,2,78.39,2026-08-30,Phoenix,Cancelled
ORD23156,CUST098,PROD002,Toys,14,82.36,2026-08-24,Miami,Completed
ORD19580,CUST087,PROD023,Clothing,12,2382.49,2026-08-30,Los Angeles,Pending
ORD97630,CUST002,PROD045,Electronics,2,2839.86,2026-08-30,Seattle,Completed
ORD39785,CUST066,PROD003,Home & Garden,5,2547.02,2026-08-30,New York,Shipped
ORD32421,CUST086,PROD018,Sports & Outdoors,9,1514.4,2026-08-03,Seattle,Cancelled
ORD75435,CUST057,PROD005,Toys,8,465.82,2026-08-30,Houston,Pending
ORD78046,CUST011,PROD010,Toys,2,1338.04,2026-08-30,Miami,Shipped
ORD13958,CUST059,PROD037,Toys,14,885.77,2026-08-30,Miami,Completed
ORD10646,CUST033,PROD046,Toys,1,77.04,2026-08-30,Seattle,Cancelled
ORD74199,CUST045,PROD041,Home & Garden,8,140.34,2026-08-30,Miami,Completed
ORD77415,CUST035,PROD030,Clothing,7,1897.42,2026-08-30,Los Angeles,Completed
ORD84598,CUST017,PROD024,Sports & Outdoors,7,598.19,2026-08-30,Houston,Cancelled
ORD31904,CUST100,PROD024,Electronics,15,805.54,2026-08-30,Houston,Cancelled
ORD51586,CUST097,PROD022,Toys,10,2929.91,2026-08-15,Phoenix,Completed
ORD94377,CUST021,PROD020,Electronics,3,580.69,2026-08-30,Miami,Completed
ORD52098,,PROD031,Clothing,5,1791.82,2026-08-30,Los Angeles,Shipped
ORD13192,CUST100,PROD036,Home & Garden,11,972.81,2026-08-30,Miami,Completed
ORD10838,CUST038,PROD029,Electronics,4,2351.88,2026-08-30,New York,Completed
ORD15878,CUST099,PROD016,Clothing,12,2735.54,2026-08-30,Los Angeles,Cancelled
ORD55400,CUST041,PROD021,Sports & Outdoors,13,2602.43,2026-08-15,Los Angeles,Completed
ORD91423,CUST043,PROD033,Clothing,11,1400.57,2026-08-30,Seattle,Completed
ORD26332,CUST035,PROD018,Electronics,7,65.44,2026-08-30,Chicago,Completed
ORD95355,CUST094,PROD030,Electronics,14,1513.4,2026-08-30,Miami,Shipped
ORD68166,CUST061,PROD022,Clothing,12,1558.03,2026-08-10,Chicago,Completed
ORD18517,CUST074,PROD029,Electronics,11,2651.2,2026-08-30,Chicago,Cancelled
ORD85741,CUST066,PROD006,Clothing,5,409.7,2026-08-30,Phoenix,Shipped
ORD92995,CUST056,PROD024,Toys,6,1483.12,2026-08-28,Phoenix,Pending
ORD75429,CUST088,PROD034,Home & Garden,6,73.45,2026-08-30,Miami,Cancelled
ORD91143,CUST031,PROD006,Clothing,6,1616.08,2026-08-30,Los Angeles,Cancelled
ORD99205,CUST030,PROD042,Clothing,9,2147.72,2026-08-30,Los Angeles,Cancelled
ORD33264,CUST087,PROD013,Toys,13,2955.71,2026-08-30,Los Angeles,Completed
ORD79806,CUST076,PROD045,Clothing,2,1296.54,2026-08-15,Miami,Shipped
ORD64003,CUST009,PROD048,Toys,13,623.49,2026-08-30,Los Angeles,Cancelled
ORD44965,CUST080,PROD045,Home & Garden,15,1715.87,2026-08-11,Los Angeles,Pending
ORD28274,CUST057,PROD018,Home & Garden,5,255.13,2026-08-30,Los Angeles,Completed
ORD82271,CUST070,PROD038,Electronics,13,2175.05,2026-08-30,Houston,Completed
ORD48103,CUST033,PROD037,Electronics,7,1081.48,2026-08-02,Seattle,Cancelled
ORD89911,CUST045,PROD044,Clothing,8,2803.23,2026-08-30,Seattle,Pending
ORD30421,,PROD010,Home & Garden,5,1854.01,2026-08-30,Chicago,Pending
ORD18374,CUST026,PROD023,Electronics,9,2886.77,2026-08-30,Miami,Cancelled
ORD22280,CUST048,PROD026,Clothing,1,1105.79,2026-08-04,New York,Cancelled
ORD38259,CUST037,PROD036,Toys,1,657.56,2026-08-30,Chicago,Completed
ORD41446,CUST028,PROD042,Home & Garden,8,1263.35,2026-08-02,New York,Shipped
ORD62625,CUST009,PROD048,Electronics,8,1754.72,2026-08-30,Seattle,Shipped
ORD90897,CUST084,PROD048,Toys,8,2825.52,2026-08-25,Houston,Completed
ORD60235,CUST035,PROD015,Sports & Outdoors,8,120.64,2026-08-17,Seattle,Completed
